-- phpMyAdmin SQL Dump
-- version 5.1.1
-- https://www.phpmyadmin.net/
--
-- Host: 127.0.0.1
-- Generation Time: May 19, 2022 at 10:20 PM
-- Server version: 10.4.22-MariaDB
-- PHP Version: 8.1.1

SET SQL_MODE = "NO_AUTO_VALUE_ON_ZERO";
START TRANSACTION;
SET time_zone = "+00:00";


/*!40101 SET @OLD_CHARACTER_SET_CLIENT=@@CHARACTER_SET_CLIENT */;
/*!40101 SET @OLD_CHARACTER_SET_RESULTS=@@CHARACTER_SET_RESULTS */;
/*!40101 SET @OLD_COLLATION_CONNECTION=@@COLLATION_CONNECTION */;
/*!40101 SET NAMES utf8mb4 */;

--
-- Database: `btt_telecom`
--

-- --------------------------------------------------------

--
-- Table structure for table `ano`
--

CREATE TABLE `ano` (
  `id` bigint(20) NOT NULL,
  `ano` varchar(255) DEFAULT NULL
) ENGINE=InnoDB DEFAULT CHARSET=utf8mb4;

--
-- Dumping data for table `ano`
--

INSERT INTO `ano` (`id`, `ano`) VALUES
(1, '1993'),
(2, '1994');

-- --------------------------------------------------------

--
-- Table structure for table `ano_versoes`
--

CREATE TABLE `ano_versoes` (
  `ano_id` bigint(20) NOT NULL,
  `versoes_id` bigint(20) NOT NULL
) ENGINE=InnoDB DEFAULT CHARSET=utf8mb4;

--
-- Dumping data for table `ano_versoes`
--

INSERT INTO `ano_versoes` (`ano_id`, `versoes_id`) VALUES
(1, 1),
(2, 2);

-- --------------------------------------------------------

--
-- Table structure for table `cliente`
--

CREATE TABLE `cliente` (
  `id` bigint(20) NOT NULL,
  `endereco` varchar(255) DEFAULT NULL,
  `nome` varchar(255) DEFAULT NULL
) ENGINE=InnoDB DEFAULT CHARSET=utf8mb4;

--
-- Dumping data for table `cliente`
--

INSERT INTO `cliente` (`id`, `endereco`, `nome`) VALUES
(1, 'rua dona zenaide', 'Carlos'),
(2, 'rua alemão', 'Eduardo'),
(3, 'Rua amazonas', 'Cyro');

-- --------------------------------------------------------

--
-- Table structure for table `fabricante`
--

CREATE TABLE `fabricante` (
  `id` bigint(20) NOT NULL,
  `nome` varchar(255) DEFAULT NULL
) ENGINE=InnoDB DEFAULT CHARSET=utf8mb4;

--
-- Dumping data for table `fabricante`
--

INSERT INTO `fabricante` (`id`, `nome`) VALUES
(1, 'Audi'),
(2, 'BMW'),
(3, 'Chery'),
(4, 'Chevrolet'),
(5, 'Citroen'),
(6, 'Fiat'),
(7, 'Ford'),
(8, 'Honda'),
(9, 'Hyundai'),
(10, 'JAC'),
(11, 'Jeep'),
(12, 'Kia'),
(13, 'Nissan'),
(14, 'Peugeout'),
(15, 'Renault'),
(16, 'Toyota'),
(17, 'Volkswagen'),
(18, 'Volvo'),
(19, 'Mitsubishi');

-- --------------------------------------------------------

--
-- Table structure for table `fabricante_modelos`
--

CREATE TABLE `fabricante_modelos` (
  `fabricante_id` bigint(20) NOT NULL,
  `modelos_id` bigint(20) NOT NULL
) ENGINE=InnoDB DEFAULT CHARSET=utf8mb4;

--
-- Dumping data for table `fabricante_modelos`
--

INSERT INTO `fabricante_modelos` (`fabricante_id`, `modelos_id`) VALUES
(1, 1),
(1, 2),
(1, 3),
(1, 4),
(1, 5),
(1, 6),
(1, 7),
(1, 8),
(1, 9),
(1, 10),
(1, 11),
(1, 12),
(1, 13),
(1, 14),
(1, 15),
(1, 16),
(1, 17),
(1, 18),
(1, 19),
(1, 20),
(1, 21),
(1, 22),
(1, 23),
(1, 24),
(1, 25),
(1, 26),
(1, 27),
(1, 28),
(1, 29),
(1, 30),
(1, 31),
(1, 32),
(1, 33),
(1, 34),
(1, 35),
(1, 36),
(1, 37),
(1, 38),
(1, 39),
(1, 40),
(1, 41),
(1, 42),
(1, 43),
(1, 44),
(1, 45),
(1, 46),
(1, 47),
(1, 48),
(1, 49),
(1, 50),
(1, 51),
(1, 52),
(1, 53),
(1, 54),
(1, 55),
(1, 56),
(1, 57),
(1, 58),
(1, 59),
(1, 60),
(2, 61),
(2, 62),
(2, 63),
(2, 64),
(2, 65),
(2, 66),
(2, 67),
(2, 68),
(2, 69),
(2, 70),
(2, 71),
(2, 72),
(2, 73),
(2, 74),
(2, 75),
(2, 76),
(2, 77),
(2, 78),
(2, 79),
(2, 80),
(2, 81),
(2, 82),
(2, 83),
(2, 84),
(2, 85),
(2, 86),
(2, 87),
(2, 88),
(2, 89),
(2, 90),
(2, 91),
(2, 92),
(2, 93),
(2, 94),
(2, 95),
(2, 96),
(2, 97),
(2, 98),
(2, 99),
(2, 100),
(2, 101),
(2, 102),
(2, 103),
(2, 104),
(2, 105),
(2, 106),
(2, 107),
(2, 108),
(2, 109),
(2, 110),
(2, 111),
(2, 112),
(2, 113),
(2, 114),
(2, 115),
(2, 116),
(2, 117),
(2, 118),
(2, 119),
(2, 120),
(2, 121),
(2, 122),
(2, 123),
(2, 124),
(2, 125),
(2, 126),
(2, 127),
(2, 128),
(2, 129),
(2, 130),
(2, 131),
(2, 132),
(2, 133),
(2, 134),
(2, 135),
(2, 136),
(2, 137),
(2, 138),
(2, 139),
(2, 140),
(2, 141),
(2, 142),
(2, 143),
(2, 144),
(2, 145),
(2, 146),
(2, 147),
(2, 148),
(2, 149),
(2, 150),
(2, 151),
(2, 152),
(2, 153),
(2, 154),
(2, 155),
(2, 156),
(2, 157),
(2, 158),
(2, 159),
(2, 160),
(3, 161),
(3, 162),
(3, 163),
(3, 164),
(3, 165),
(3, 166),
(3, 167),
(3, 168),
(3, 169),
(3, 170),
(3, 171),
(3, 172),
(3, 173),
(3, 174),
(3, 175),
(3, 176),
(4, 177),
(4, 178),
(4, 179),
(4, 180),
(4, 181),
(4, 182),
(4, 183),
(4, 184),
(4, 185),
(4, 186),
(4, 187),
(4, 188),
(4, 189),
(4, 190),
(4, 191),
(4, 192),
(4, 193),
(4, 194),
(4, 195),
(4, 196),
(4, 197),
(4, 198),
(4, 199),
(4, 200),
(4, 201),
(4, 202),
(4, 203),
(4, 204),
(4, 205),
(4, 206),
(4, 207),
(4, 208),
(4, 209),
(4, 210),
(4, 211),
(4, 212),
(4, 213),
(4, 214),
(4, 215),
(4, 216),
(4, 217),
(4, 218),
(4, 219),
(4, 220),
(4, 221),
(4, 222),
(4, 223),
(4, 224),
(4, 225),
(4, 226),
(4, 227),
(4, 228),
(4, 229),
(4, 230),
(4, 231),
(4, 232),
(4, 233),
(4, 234),
(4, 235),
(4, 236),
(4, 237),
(4, 238),
(4, 239),
(4, 240),
(4, 241),
(4, 242),
(4, 243),
(4, 244),
(5, 245),
(5, 246),
(5, 247),
(5, 248),
(5, 249),
(5, 250),
(5, 251),
(5, 252),
(5, 253),
(5, 254),
(5, 255),
(5, 256),
(5, 257),
(5, 258),
(5, 259),
(5, 260),
(5, 261),
(5, 262),
(5, 263),
(5, 264),
(5, 265),
(5, 266),
(5, 267),
(5, 268),
(5, 269),
(5, 270),
(5, 271),
(5, 272),
(5, 273),
(5, 274),
(5, 275),
(6, 276),
(6, 277),
(6, 278),
(6, 279),
(6, 280),
(6, 281),
(6, 282),
(6, 283),
(6, 284),
(6, 285),
(6, 286),
(6, 287),
(6, 288),
(6, 289),
(6, 290),
(6, 291),
(6, 292),
(6, 293),
(6, 294),
(6, 295),
(6, 296),
(6, 297),
(6, 298),
(6, 299),
(6, 300),
(6, 301),
(6, 302),
(6, 303),
(6, 304),
(6, 305),
(6, 306),
(6, 307),
(6, 308),
(6, 309),
(6, 310),
(6, 311),
(6, 312),
(6, 313),
(7, 314),
(7, 315),
(7, 316),
(7, 317),
(7, 318),
(7, 319),
(7, 320),
(7, 321),
(7, 322),
(7, 323),
(7, 324),
(7, 325),
(7, 326),
(7, 327),
(7, 328),
(7, 329),
(7, 330),
(7, 331),
(7, 332),
(7, 333),
(7, 334),
(7, 335),
(7, 336),
(7, 337),
(7, 338),
(7, 339),
(7, 340),
(7, 341),
(7, 342),
(7, 343),
(7, 344),
(7, 345),
(7, 346),
(7, 347),
(7, 348),
(7, 349),
(7, 350),
(7, 351),
(7, 352),
(7, 353),
(7, 354),
(7, 355),
(7, 356),
(7, 357),
(7, 358),
(7, 359),
(7, 360),
(7, 361),
(7, 362),
(7, 363),
(8, 364),
(8, 365),
(8, 366),
(8, 367),
(8, 368),
(8, 369),
(8, 370),
(8, 371),
(8, 372),
(8, 373),
(8, 374),
(8, 375),
(8, 376),
(8, 377),
(8, 378),
(8, 379),
(9, 380),
(9, 381),
(9, 382),
(9, 383),
(9, 384),
(9, 385),
(9, 386),
(9, 387),
(9, 388),
(9, 389),
(9, 390),
(9, 391),
(9, 392),
(9, 393),
(9, 394),
(9, 395),
(9, 396),
(9, 397),
(9, 398),
(9, 399),
(9, 400),
(9, 401),
(9, 402),
(9, 403),
(9, 404),
(9, 405),
(9, 406),
(9, 407),
(9, 408),
(9, 409),
(9, 410),
(10, 411),
(10, 412),
(10, 413),
(10, 414),
(10, 415),
(10, 416),
(10, 417),
(10, 418),
(10, 419),
(10, 420),
(10, 421),
(10, 422),
(10, 423),
(10, 424),
(10, 425),
(10, 426),
(10, 427),
(10, 428),
(10, 429),
(10, 430),
(10, 431),
(11, 432),
(11, 433),
(11, 434),
(11, 435),
(11, 436),
(11, 437),
(12, 438),
(12, 439),
(12, 440),
(12, 441),
(12, 442),
(12, 443),
(12, 444),
(12, 445),
(12, 446),
(12, 447),
(12, 448),
(12, 449),
(12, 450),
(12, 451),
(12, 452),
(12, 453),
(12, 454),
(12, 455),
(12, 456),
(12, 457),
(12, 458),
(12, 459),
(12, 460),
(13, 484),
(13, 485),
(13, 486),
(13, 487),
(13, 488),
(13, 489),
(13, 490),
(13, 491),
(13, 492),
(13, 493),
(13, 494),
(13, 495),
(13, 496),
(13, 497),
(13, 498),
(13, 499),
(13, 500),
(13, 501),
(13, 502),
(13, 503),
(13, 504),
(13, 505),
(13, 506),
(13, 507),
(13, 508),
(14, 509),
(14, 510),
(14, 511),
(14, 512),
(14, 513),
(14, 514),
(14, 515),
(14, 516),
(14, 517),
(14, 518),
(14, 519),
(14, 520),
(14, 521),
(14, 522),
(14, 523),
(14, 524),
(14, 525),
(14, 526),
(14, 527),
(14, 528),
(14, 529),
(14, 530),
(14, 531),
(14, 532),
(14, 533),
(14, 534),
(14, 535),
(14, 536),
(14, 537),
(14, 538),
(14, 539),
(14, 540),
(14, 541),
(14, 542),
(14, 543),
(14, 544),
(14, 545),
(14, 546),
(14, 547),
(14, 548),
(14, 549),
(14, 550),
(14, 551),
(14, 552),
(15, 553),
(15, 554),
(15, 555),
(15, 556),
(15, 557),
(15, 558),
(15, 559),
(15, 560),
(15, 561),
(15, 562),
(15, 563),
(15, 564),
(15, 565),
(15, 566),
(15, 567),
(15, 568),
(15, 569),
(15, 570),
(15, 571),
(15, 572),
(15, 573),
(15, 574),
(15, 575),
(15, 576),
(15, 577),
(15, 578),
(15, 579),
(15, 580),
(15, 581),
(15, 582),
(16, 583),
(16, 584),
(16, 585),
(16, 586),
(16, 587),
(16, 588),
(16, 589),
(16, 590),
(16, 591),
(16, 592),
(16, 593),
(16, 594),
(16, 595),
(16, 596),
(16, 597),
(16, 598),
(16, 599),
(16, 600),
(16, 601),
(16, 602),
(16, 603),
(16, 604),
(16, 605),
(17, 606),
(17, 607),
(17, 608),
(17, 609),
(17, 610),
(17, 611),
(17, 612),
(17, 613),
(17, 614),
(17, 615),
(17, 616),
(17, 617),
(17, 618),
(17, 619),
(17, 620),
(17, 621),
(17, 622),
(17, 623),
(17, 624),
(17, 625),
(17, 626),
(17, 627),
(17, 628),
(17, 629),
(17, 630),
(17, 631),
(17, 632),
(17, 633),
(17, 634),
(17, 635),
(17, 636),
(17, 637),
(17, 638),
(17, 639),
(17, 640),
(17, 641),
(17, 642),
(17, 643),
(17, 644),
(17, 645),
(17, 646),
(17, 647),
(17, 648),
(17, 649),
(17, 650),
(17, 651),
(17, 652),
(17, 653),
(17, 654),
(18, 655),
(18, 656),
(18, 657),
(18, 658),
(18, 659),
(18, 660),
(18, 661),
(18, 662),
(18, 663),
(18, 664),
(18, 665),
(18, 666),
(18, 667),
(18, 668),
(18, 669),
(18, 670),
(18, 671),
(18, 672),
(18, 673),
(18, 674),
(18, 675),
(18, 676),
(18, 677),
(18, 678),
(19, 461),
(19, 462),
(19, 463),
(19, 464),
(19, 465),
(19, 466),
(19, 467),
(19, 468),
(19, 469),
(19, 470),
(19, 471),
(19, 472),
(19, 473),
(19, 474),
(19, 475),
(19, 476),
(19, 477),
(19, 478),
(19, 479),
(19, 480),
(19, 481),
(19, 482),
(19, 483);

-- --------------------------------------------------------

--
-- Table structure for table `funcionario`
--

CREATE TABLE `funcionario` (
  `id` bigint(20) NOT NULL,
  `avatar` varchar(255) DEFAULT NULL,
  `cpf` varchar(255) DEFAULT NULL,
  `endereco` varchar(255) DEFAULT NULL,
  `kilometragem_por_litro` varchar(255) DEFAULT NULL,
  `placa` varchar(255) DEFAULT NULL,
  `primeiro_nome` varchar(255) DEFAULT NULL,
  `rg` varchar(255) DEFAULT NULL,
  `telefone` varchar(255) DEFAULT NULL,
  `ultimo_nome` varchar(255) DEFAULT NULL,
  `username` varchar(255) DEFAULT NULL
) ENGINE=InnoDB DEFAULT CHARSET=utf8mb4;

--
-- Dumping data for table `funcionario`
--

INSERT INTO `funcionario` (`id`, `avatar`, `cpf`, `endereco`, `kilometragem_por_litro`, `placa`, `primeiro_nome`, `rg`, `telefone`, `ultimo_nome`, `username`) VALUES
(1, NULL, '44537775823', '', '6.1', '', 'Carlos', '549237252', '19982994645', 'Roberto', 'carlos.roberto'),
(2, NULL, '56160924443', '', '6.1', '', 'Raimunda', '149065425', '8725450085', 'Fernandes', 'raimunda.fernandes');

-- --------------------------------------------------------

--
-- Table structure for table `hibernate_sequence`
--

CREATE TABLE `hibernate_sequence` (
  `next_val` bigint(20) DEFAULT NULL
) ENGINE=InnoDB DEFAULT CHARSET=utf8mb4;

--
-- Dumping data for table `hibernate_sequence`
--

INSERT INTO `hibernate_sequence` (`next_val`) VALUES
(1);

-- --------------------------------------------------------

--
-- Table structure for table `modelo`
--

CREATE TABLE `modelo` (
  `id` bigint(20) NOT NULL,
  `nome` varchar(255) DEFAULT NULL
) ENGINE=InnoDB DEFAULT CHARSET=utf8mb4;

--
-- Dumping data for table `modelo`
--

INSERT INTO `modelo` (`id`, `nome`) VALUES
(1, '100'),
(2, '100 Avant'),
(3, '80'),
(4, '80 Avant'),
(5, '80 Cabriolet'),
(6, 'A1'),
(7, 'A3 Cabriolet'),
(8, 'A3 Sedan'),
(9, 'A4'),
(10, 'A4 Avant'),
(11, 'A4 Cabriolet'),
(12, 'A5'),
(13, 'A5 Cabriolet'),
(14, 'A5 Coupe'),
(15, 'A6'),
(16, 'A6 Avant'),
(17, 'A7'),
(18, 'A8'),
(19, 'E-Tron'),
(20, 'E-Tron GT'),
(21, 'E-tron Sportback'),
(22, 'Q3'),
(23, 'Q3 Sportback'),
(24, 'Q5'),
(25, 'Q5 Sportback'),
(26, 'Q7'),
(27, 'Q8'),
(28, 'R8'),
(29, 'R8 Spyder'),
(30, 'RS 2 Avant'),
(31, 'RS 3'),
(32, 'RS 3 Sedan'),
(33, 'RS 4 Avant'),
(34, 'RS 5'),
(35, 'RS 5 Sportback'),
(36, 'RS 6'),
(37, 'RS 6 Avant'),
(38, 'RS 7'),
(39, 'RS Q3'),
(40, 'RS Q3 Sportback'),
(41, 'RS Q8'),
(42, 'S2'),
(43, 'S2 Avant'),
(44, 'S2 Coupe'),
(45, 'S3'),
(46, 'S3 Sedan'),
(47, 'S4'),
(48, 'S4 Avant'),
(49, 'S5'),
(50, 'S5 Cabriolet'),
(51, 'S5 Coupe'),
(52, 'S6'),
(53, 'S6 Avant'),
(54, 'S7'),
(55, 'S8'),
(56, 'SQ5'),
(57, 'TT'),
(58, 'TT Roadster'),
(59, 'TT RS'),
(60, 'TTS'),
(61, '116i'),
(62, '118i'),
(63, '120i'),
(64, '120i Cabriolet'),
(65, '125i'),
(66, '130i'),
(67, '135i'),
(68, '135i Coupe'),
(69, '140i'),
(70, '218i'),
(71, '220i Active Tourer'),
(72, '225i Active Tourer'),
(73, '235i'),
(74, '235i Coupe'),
(75, '240i'),
(76, '316i'),
(77, '318i'),
(78, '318i Cabriolet'),
(79, '318Ti'),
(80, '320i'),
(81, '320i GT'),
(82, '323i'),
(83, '323i Coupe'),
(84, '323i Touring'),
(85, '323Ti'),
(86, '325i'),
(87, '325i Cabriolet'),
(88, '325i Coupe'),
(89, '325i Touring'),
(90, '328i'),
(91, '328i Cabriolet'),
(92, '328i GT'),
(93, '328i Touring'),
(94, '330e'),
(95, '330i'),
(96, '330i Cabriolet'),
(97, '335i'),
(98, '335i Cabriolet'),
(99, '340i'),
(100, '420i Cabriolet'),
(101, '428i'),
(102, '428i Cabriolet'),
(103, '430i'),
(104, '430i Cabriolet'),
(105, '435i'),
(106, '440i'),
(107, '520i'),
(108, '525i'),
(109, '525i Touring'),
(110, '528i'),
(111, '528i Touring'),
(112, '530e'),
(113, '530i'),
(114, '530i Touring'),
(115, '535i'),
(116, '535i GT'),
(117, '540i'),
(118, '540i Touring'),
(119, '545i'),
(120, '550i'),
(121, '640i'),
(122, '645Ci'),
(123, '645Ci Cabriolet'),
(124, '650i'),
(125, '650i Cabriolet'),
(126, '650i Coupe'),
(127, '735i'),
(128, '740i'),
(129, '745e'),
(130, '745i'),
(131, '750i'),
(132, '760i'),
(133, '840Ci'),
(134, '850Ci'),
(135, '850CSi'),
(136, '850i'),
(137, 'i3'),
(138, 'i8'),
(139, 'iX'),
(140, 'M1'),
(141, 'M2'),
(142, 'M3'),
(143, 'M3 Cabriolet'),
(144, 'M4'),
(145, 'M4 Cabriolet'),
(146, 'M5'),
(147, 'M6'),
(148, 'M6 Coupe'),
(149, 'M8'),
(150, 'X1'),
(151, 'X2'),
(152, 'X3'),
(153, 'X4'),
(154, 'X5'),
(155, 'X6'),
(156, 'X7'),
(157, 'Z1'),
(158, 'Z3'),
(159, 'Z4'),
(160, 'Z8'),
(161, 'Arrizo 5'),
(162, 'Arrizo 5e'),
(163, 'Arrizo 6'),
(164, 'Celer'),
(165, 'Celer Sedan'),
(166, 'Cielo'),
(167, 'Cielo Sedan'),
(168, 'Face'),
(169, 'QQ'),
(170, 'S18'),
(171, 'Tiggo'),
(172, 'Tiggo 2'),
(173, 'Tiggo 3x'),
(174, 'Tiggo 5x'),
(175, 'Tiggo 7'),
(176, 'Tiggo 8'),
(177, 'A-10'),
(178, 'A-20'),
(179, 'Agile'),
(180, 'Astra'),
(181, 'Astra Sedan'),
(182, 'Astra Wagon'),
(183, 'Blazer'),
(184, 'Bolt'),
(185, 'Bonanza'),
(186, 'C-10'),
(187, 'C-14'),
(188, 'C-20'),
(189, 'Calibra'),
(190, 'Camaro'),
(191, 'Camaro Conversível'),
(192, 'Caprice'),
(193, 'Captiva'),
(194, 'Caravan'),
(195, 'Celta'),
(196, 'Chevette'),
(197, 'Chevette Hatch'),
(198, 'Chevy 500'),
(199, 'Classic'),
(200, 'Cobalt'),
(201, 'Corsa'),
(202, 'Corsa Picape'),
(203, 'Corsa Sedan'),
(204, 'Corsa Wagon'),
(205, 'Corvette'),
(206, 'Cruze'),
(207, 'Cruze Hatch'),
(208, 'D-10'),
(209, 'D-20'),
(210, 'Equinox'),
(211, 'Grand Blazer'),
(212, 'Ipanema'),
(213, 'Joy'),
(214, 'Joy Sedan'),
(215, 'Kadett'),
(216, 'Kadett Conversível'),
(217, 'Lumina'),
(218, 'Malibu'),
(219, 'Marajó'),
(220, 'Meriva'),
(221, 'Montana'),
(222, 'Monza'),
(223, 'Monza Hatch'),
(224, 'Omega'),
(225, 'Onix'),
(226, 'Onix Sedan'),
(227, 'Opala'),
(228, 'Opala Cupê'),
(229, 'Prisma'),
(230, 'S10'),
(231, 'Silverado'),
(232, 'Sonic'),
(233, 'Sonic Sedan'),
(234, 'Spin'),
(235, 'Suburban'),
(236, 'Suprema'),
(237, 'Tigra'),
(238, 'Tracker'),
(239, 'Trafic'),
(240, 'Trailblazer'),
(241, 'Vectra'),
(242, 'Vectra Hatch'),
(243, 'Veraneio'),
(244, 'Zafira'),
(245, 'Aircross'),
(246, 'AX'),
(247, 'Berlingo'),
(248, 'BX'),
(249, 'C3'),
(250, 'C3 Picasso'),
(251, 'C4'),
(252, 'C4 Cactus'),
(253, 'C4 Lounge'),
(254, 'C4 Pallas'),
(255, 'C4 Picasso'),
(256, 'C5'),
(257, 'C5 Break'),
(258, 'C5 Tourer'),
(259, 'C6'),
(260, 'C8'),
(261, 'DS3'),
(262, 'DS4'),
(263, 'DS5'),
(264, 'e-Jumpy'),
(265, 'Evasion'),
(266, 'Jumper'),
(267, 'Jumpy'),
(268, 'Xantia'),
(269, 'Xantia Break'),
(270, 'XM'),
(271, 'XM Break'),
(272, 'Xsara'),
(273, 'Xsara Break'),
(274, 'Xsara Picasso'),
(275, 'ZX'),
(276, '147'),
(277, '147 Fiorino'),
(278, '147 Pick-up'),
(279, '500'),
(280, '500e'),
(281, 'Argo'),
(282, 'Brava'),
(283, 'Bravo'),
(284, 'Coupe'),
(285, 'Cronos'),
(286, 'Dardo'),
(287, 'Doblo'),
(288, 'Ducato'),
(289, 'Duna'),
(290, 'Elba'),
(291, 'Fiorino'),
(292, 'Fiorino Pick-up'),
(293, 'Freemont'),
(294, 'Idea'),
(295, 'Linea'),
(296, 'Marea'),
(297, 'Marea Weekend'),
(298, 'Mobi'),
(299, 'Oggi'),
(300, 'Palio'),
(301, 'Palio Weekend'),
(302, 'Panorama'),
(303, 'Premio'),
(304, 'Pulse'),
(305, 'Punto'),
(306, 'Siena'),
(307, 'Stilo'),
(308, 'Strada'),
(309, 'Tempra'),
(310, 'Tempra SW'),
(311, 'Tipo'),
(312, 'Toro'),
(313, 'Uno'),
(314, 'Aerostar'),
(315, 'Belina'),
(316, 'Bronco Sport'),
(317, 'Corcel'),
(318, 'Corcel Sedan'),
(319, 'Courier'),
(320, 'Crown Victoria'),
(321, 'Del Rey'),
(322, 'Ecosport'),
(323, 'Edge'),
(324, 'Escort'),
(325, 'Escort Conversível'),
(326, 'Escort Sedan'),
(327, 'Escort SW'),
(328, 'Expedition'),
(329, 'Explorer'),
(330, 'F-100'),
(331, 'F-1000'),
(332, 'F-150'),
(333, 'F-250'),
(334, 'F-75'),
(335, 'Fiesta'),
(336, 'Fiesta Sedan'),
(337, 'Focus'),
(338, 'Focus Sedan'),
(339, 'Fusion'),
(340, 'Galaxie'),
(341, 'GT'),
(342, 'Jeep'),
(343, 'Ka'),
(344, 'Ka Sedan'),
(345, 'Maverick'),
(346, 'Maverick Picape'),
(347, 'Maverick Sedan'),
(348, 'Mondeo'),
(349, 'Mondeo SW'),
(350, 'Mustang'),
(351, 'Mustang Conversível'),
(352, 'Pampa'),
(353, 'Probe'),
(354, 'Ranger'),
(355, 'Royale'),
(356, 'Rural'),
(357, 'Taurus'),
(358, 'Territory'),
(359, 'Thunderbird'),
(360, 'Transit'),
(361, 'Verona'),
(362, 'Versailles'),
(363, 'Windstar'),
(364, 'Accord'),
(365, 'Accord Wagon'),
(366, 'City'),
(367, 'City Hatch'),
(368, 'Civic'),
(369, 'Civic Coupe'),
(370, 'Civic CRX'),
(371, 'Civic Hatch'),
(372, 'CR-V'),
(373, 'Fit'),
(374, 'HR-V'),
(375, 'Legend'),
(376, 'NSX'),
(377, 'Odyssey'),
(378, 'Prelude'),
(379, 'WR-V'),
(380, 'Accent'),
(381, 'Accent Hatch'),
(382, 'Atos Prime'),
(383, 'Azera'),
(384, 'Coupe'),
(385, 'Creta'),
(386, 'Elantra'),
(387, 'Elantra Wagon'),
(388, 'Equus'),
(389, 'Excel'),
(390, 'Excel Hatch'),
(391, 'Galloper'),
(392, 'Genesis'),
(393, 'H1 Starex'),
(394, 'H100'),
(395, 'HB20'),
(396, 'HB20S'),
(397, 'HB20X'),
(398, 'HR'),
(399, 'i30'),
(400, 'i30 CW'),
(401, 'ix35'),
(402, 'Matrix'),
(403, 'Santa Fe'),
(404, 'Scoupe'),
(405, 'Sonata'),
(406, 'Terracan'),
(407, 'Trajet'),
(408, 'Tucson'),
(409, 'Veloster'),
(410, 'Veracruz'),
(411, 'E-J7'),
(412, 'E-JS1'),
(413, 'E-JS4'),
(414, 'iEV20'),
(415, 'iEV330P'),
(416, 'iEV40'),
(417, 'iEV60'),
(418, 'iEV750V'),
(419, 'J2'),
(420, 'J3'),
(421, 'J3 Turin'),
(422, 'J5'),
(423, 'J6'),
(424, 'T40'),
(425, 'T5'),
(426, 'T50'),
(427, 'T6'),
(428, 'T60'),
(429, 'T8'),
(430, 'T80'),
(431, 'V260'),
(432, 'Cherokee'),
(433, 'Commander'),
(434, 'Compass'),
(435, 'Grand Cherokee'),
(436, 'Renegade'),
(437, 'Wrangler'),
(438, 'Besta'),
(439, 'Bongo'),
(440, 'Cadenza'),
(441, 'Carens'),
(442, 'Carnival'),
(443, 'Cerato'),
(444, 'Ceres'),
(445, 'Clarus'),
(446, 'Koup'),
(447, 'Magentis'),
(448, 'Mohave'),
(449, 'Opirus'),
(450, 'Optima'),
(451, 'Picanto'),
(452, 'Quoris'),
(453, 'Rio'),
(454, 'Sephia'),
(455, 'Shuma'),
(456, 'Sorento'),
(457, 'Soul'),
(458, 'Sportage'),
(459, 'Stinger'),
(460, 'Stonic'),
(461, '3000 GT'),
(462, 'Airtrek'),
(463, 'ASX'),
(464, 'Colt'),
(465, 'Diamante'),
(466, 'Eclipse'),
(467, 'Eclipse Cross'),
(468, 'Expo'),
(469, 'Galant'),
(470, 'Grandis'),
(471, 'L200'),
(472, 'L300'),
(473, 'Lancer'),
(474, 'Lancer Sportback'),
(475, 'Outlander'),
(476, 'Outlander Sport'),
(477, 'Pajero'),
(478, 'Pajero Dakar'),
(479, 'Pajero Full'),
(480, 'Pajero iO'),
(481, 'Pajero Sport'),
(482, 'Pajero TR4'),
(483, 'Space Wagon'),
(484, '300ZX'),
(485, '350Z'),
(486, '370Z'),
(487, '370Z Roadster'),
(488, 'Altima'),
(489, 'D21'),
(490, 'Frontier'),
(491, 'GT-R'),
(492, 'Kicks'),
(493, 'Leaf'),
(494, 'Livina'),
(495, 'March'),
(496, 'Maxima'),
(497, 'Murano'),
(498, 'Pathfinder'),
(499, 'Primera'),
(500, 'Quest'),
(501, 'Sentra'),
(502, 'Terrano'),
(503, 'Tiida'),
(504, 'Tiida Sedan'),
(505, 'V-Drive'),
(506, 'Versa'),
(507, 'Xterra'),
(508, 'X-Trail'),
(509, '106'),
(510, '2008'),
(511, '205'),
(512, '206'),
(513, '206 Cabriolet'),
(514, '206 SW'),
(515, '207'),
(516, '207 Passion'),
(517, '207 SW'),
(518, '208'),
(519, '3008'),
(520, '306'),
(521, '306 Break'),
(522, '306 Cabriolet'),
(523, '306 Sedan'),
(524, '307'),
(525, '307 Cabriolet'),
(526, '307 Sedan'),
(527, '307 SW'),
(528, '308'),
(529, '308 Cabriolet'),
(530, '405'),
(531, '405 Break'),
(532, '406'),
(533, '406 Break'),
(534, '406 Coupe'),
(535, '407'),
(536, '407 SW'),
(537, '408'),
(538, '5008'),
(539, '504'),
(540, '508'),
(541, '605'),
(542, '607'),
(543, '806'),
(544, '807'),
(545, 'Boxer'),
(546, 'e-208'),
(547, 'e-Expert'),
(548, 'Expert'),
(549, 'Hoggar'),
(550, 'Partner'),
(551, 'Partner Rapid'),
(552, 'RCZ'),
(553, '19'),
(554, '19 Cabriolet'),
(555, '19 Sedan'),
(556, '21'),
(557, '21 Nevada'),
(558, 'Captur'),
(559, 'Clio'),
(560, 'Clio Sedan'),
(561, 'Duster'),
(562, 'Express'),
(563, 'Fluence'),
(564, 'Kangoo'),
(565, 'Kwid'),
(566, 'Kwid E-Tech'),
(567, 'Laguna'),
(568, 'Laguna Grand Tour'),
(569, 'Laguna Nevada'),
(570, 'Logan'),
(571, 'Master'),
(572, 'Megane'),
(573, 'Megane Cabriolet'),
(574, 'Megane Grand Tour'),
(575, 'Megane Hatch'),
(576, 'Oroch'),
(577, 'Sandero'),
(578, 'Scenic'),
(579, 'Symbol'),
(580, 'Trafic'),
(581, 'Twingo'),
(582, 'Zoe'),
(583, 'Avalon'),
(584, 'Bandeirante'),
(585, 'Camry'),
(586, 'Camry Wagon'),
(587, 'Corolla'),
(588, 'Corolla Cross'),
(589, 'Corolla Wagon'),
(590, 'Corona'),
(591, 'Etios'),
(592, 'Etios Sedan'),
(593, 'Fielder'),
(594, 'FJ Cruiser'),
(595, 'Hilux'),
(596, 'Land Cruiser Prado'),
(597, 'MR2'),
(598, 'Paseo'),
(599, 'Previa'),
(600, 'Prius'),
(601, 'RAV4'),
(602, 'Supra'),
(603, 'SW4'),
(604, 'Yaris'),
(605, 'Yaris Sedan'),
(606, '1600'),
(607, 'Amarok'),
(608, 'Apollo'),
(609, 'Bora'),
(610, 'Brasilia'),
(611, 'Caravelle'),
(612, 'CC'),
(613, 'Corrado'),
(614, 'CrossFox'),
(615, 'Delivery'),
(616, 'Eos'),
(617, 'Eurovan'),
(618, 'Fox'),
(619, 'Fusca'),
(620, 'Gol'),
(621, 'Golf'),
(622, 'Golf Cabriolet'),
(623, 'Golf Variant'),
(624, 'Jetta'),
(625, 'Jetta Variant'),
(626, 'Karmann-Ghia'),
(627, 'Kombi'),
(628, 'Logus'),
(629, 'New Beetle'),
(630, 'Nivus'),
(631, 'Parati'),
(632, 'Passat'),
(633, 'Passat Variant'),
(634, 'Phaeton'),
(635, 'Pointer'),
(636, 'Polo'),
(637, 'Polo Classic'),
(638, 'Polo Sedan'),
(639, 'Quantum'),
(640, 'Santana'),
(641, 'Saveiro'),
(642, 'SP'),
(643, 'Space Cross'),
(644, 'SpaceFox'),
(645, 'Taos'),
(646, 'T-Cross'),
(647, 'Tiguan'),
(648, 'TL'),
(649, 'Touareg'),
(650, 'Up'),
(651, 'Van'),
(652, 'Variant'),
(653, 'Virtus'),
(654, 'Voyage'),
(655, '460'),
(656, '850'),
(657, '850 SW'),
(658, '940'),
(659, '940 SW'),
(660, '960'),
(661, 'C30'),
(662, 'C40'),
(663, 'C70'),
(664, 'C70 Cabriolet'),
(665, 'S40'),
(666, 'S60'),
(667, 'S70'),
(668, 'S80'),
(669, 'S90'),
(670, 'V40'),
(671, 'V40 SW'),
(672, 'V50'),
(673, 'V60'),
(674, 'V70'),
(675, 'XC40'),
(676, 'XC60'),
(677, 'XC70'),
(678, 'XC90');

-- --------------------------------------------------------

--
-- Table structure for table `modelo_anos`
--

CREATE TABLE `modelo_anos` (
  `modelo_id` bigint(20) NOT NULL,
  `anos_id` bigint(20) NOT NULL
) ENGINE=InnoDB DEFAULT CHARSET=utf8mb4;

--
-- Dumping data for table `modelo_anos`
--

INSERT INTO `modelo_anos` (`modelo_id`, `anos_id`) VALUES
(1, 1),
(1, 2);

-- --------------------------------------------------------

--
-- Table structure for table `servico`
--

CREATE TABLE `servico` (
  `id` bigint(20) NOT NULL,
  `contrato` varchar(255) DEFAULT NULL,
  `data_finalizacao` datetime DEFAULT NULL,
  `data_inicio` datetime DEFAULT NULL,
  `descricao` varchar(255) DEFAULT NULL,
  `materiais` varchar(255) DEFAULT NULL,
  `protocolo` varchar(255) DEFAULT NULL,
  `status` varchar(255) DEFAULT NULL,
  `cliente_id` bigint(20) DEFAULT NULL,
  `funcionario_id` bigint(20) DEFAULT NULL
) ENGINE=InnoDB DEFAULT CHARSET=utf8mb4;

--
-- Dumping data for table `servico`
--

INSERT INTO `servico` (`id`, `contrato`, `data_finalizacao`, `data_inicio`, `descricao`, `materiais`, `protocolo`, `status`, `cliente_id`, `funcionario_id`) VALUES
(1, '2318', '2022-05-19 22:17:48', '2022-05-27 17:17:48', 'teste', 'dsaijdijsaj', '32178', 'verificando', 1, 1),
(2, '3212138', '2022-05-19 22:17:48', '2022-05-27 17:17:48', 'teste2', 'dsaokok', '312', 'verificando', 1, 2);

-- --------------------------------------------------------

--
-- Table structure for table `versao`
--

CREATE TABLE `versao` (
  `id` bigint(20) NOT NULL,
  `km_por_litro` varchar(255) DEFAULT NULL,
  `nome` varchar(255) DEFAULT NULL
) ENGINE=InnoDB DEFAULT CHARSET=utf8mb4;

--
-- Dumping data for table `versao`
--

INSERT INTO `versao` (`id`, `km_por_litro`, `nome`) VALUES
(1, '6.1', '2.8 V6 Quattro'),
(2, '6.1', '2.8 V6 Quattro');

--
-- Indexes for dumped tables
--

--
-- Indexes for table `ano`
--
ALTER TABLE `ano`
  ADD PRIMARY KEY (`id`);

--
-- Indexes for table `ano_versoes`
--
ALTER TABLE `ano_versoes`
  ADD UNIQUE KEY `UK_ega87ansob0axvaairbvsua5b` (`versoes_id`),
  ADD KEY `FKmbth5sypqtjgdou21scgrsg7u` (`ano_id`);

--
-- Indexes for table `cliente`
--
ALTER TABLE `cliente`
  ADD PRIMARY KEY (`id`);

--
-- Indexes for table `fabricante`
--
ALTER TABLE `fabricante`
  ADD PRIMARY KEY (`id`);

--
-- Indexes for table `fabricante_modelos`
--
ALTER TABLE `fabricante_modelos`
  ADD UNIQUE KEY `UK_7ydjcl77d7e3xi6bihqr3xa7u` (`modelos_id`),
  ADD KEY `FK5aeylcrnr1wn0635k8ul3nct9` (`fabricante_id`);

--
-- Indexes for table `funcionario`
--
ALTER TABLE `funcionario`
  ADD PRIMARY KEY (`id`);

--
-- Indexes for table `modelo`
--
ALTER TABLE `modelo`
  ADD PRIMARY KEY (`id`);

--
-- Indexes for table `modelo_anos`
--
ALTER TABLE `modelo_anos`
  ADD UNIQUE KEY `UK_ivrv7cths4rgjrxb3oejw27k` (`anos_id`),
  ADD KEY `FKq3fw3jjnm6oilv2uw989tlgvt` (`modelo_id`);

--
-- Indexes for table `servico`
--
ALTER TABLE `servico`
  ADD PRIMARY KEY (`id`),
  ADD KEY `FKmyf32dr019utxoiq56tsthokp` (`cliente_id`),
  ADD KEY `FKhoijaxj6wna4uymshjw0turvd` (`funcionario_id`);

--
-- Indexes for table `versao`
--
ALTER TABLE `versao`
  ADD PRIMARY KEY (`id`);

--
-- AUTO_INCREMENT for dumped tables
--

--
-- AUTO_INCREMENT for table `ano`
--
ALTER TABLE `ano`
  MODIFY `id` bigint(20) NOT NULL AUTO_INCREMENT, AUTO_INCREMENT=3;

--
-- AUTO_INCREMENT for table `cliente`
--
ALTER TABLE `cliente`
  MODIFY `id` bigint(20) NOT NULL AUTO_INCREMENT, AUTO_INCREMENT=4;

--
-- AUTO_INCREMENT for table `fabricante`
--
ALTER TABLE `fabricante`
  MODIFY `id` bigint(20) NOT NULL AUTO_INCREMENT, AUTO_INCREMENT=20;

--
-- AUTO_INCREMENT for table `funcionario`
--
ALTER TABLE `funcionario`
  MODIFY `id` bigint(20) NOT NULL AUTO_INCREMENT, AUTO_INCREMENT=28;

--
-- AUTO_INCREMENT for table `modelo`
--
ALTER TABLE `modelo`
  MODIFY `id` bigint(20) NOT NULL AUTO_INCREMENT, AUTO_INCREMENT=679;

--
-- AUTO_INCREMENT for table `servico`
--
ALTER TABLE `servico`
  MODIFY `id` bigint(20) NOT NULL AUTO_INCREMENT, AUTO_INCREMENT=3;

--
-- AUTO_INCREMENT for table `versao`
--
ALTER TABLE `versao`
  MODIFY `id` bigint(20) NOT NULL AUTO_INCREMENT, AUTO_INCREMENT=3;

--
-- Constraints for dumped tables
--

--
-- Constraints for table `ano_versoes`
--
ALTER TABLE `ano_versoes`
  ADD CONSTRAINT `FKmbth5sypqtjgdou21scgrsg7u` FOREIGN KEY (`ano_id`) REFERENCES `ano` (`id`),
  ADD CONSTRAINT `FKn85wpfw1y668oc73daqrcnqqn` FOREIGN KEY (`versoes_id`) REFERENCES `versao` (`id`);

--
-- Constraints for table `fabricante_modelos`
--
ALTER TABLE `fabricante_modelos`
  ADD CONSTRAINT `FK5aeylcrnr1wn0635k8ul3nct9` FOREIGN KEY (`fabricante_id`) REFERENCES `fabricante` (`id`),
  ADD CONSTRAINT `FK7dndgaykchr8oaw85k0rpou4s` FOREIGN KEY (`modelos_id`) REFERENCES `modelo` (`id`);

--
-- Constraints for table `modelo_anos`
--
ALTER TABLE `modelo_anos`
  ADD CONSTRAINT `FK82d1hrqjlkdjdpl74ohoakvqd` FOREIGN KEY (`anos_id`) REFERENCES `ano` (`id`),
  ADD CONSTRAINT `FKq3fw3jjnm6oilv2uw989tlgvt` FOREIGN KEY (`modelo_id`) REFERENCES `modelo` (`id`);

--
-- Constraints for table `servico`
--
ALTER TABLE `servico`
  ADD CONSTRAINT `FKhoijaxj6wna4uymshjw0turvd` FOREIGN KEY (`funcionario_id`) REFERENCES `funcionario` (`id`),
  ADD CONSTRAINT `FKmyf32dr019utxoiq56tsthokp` FOREIGN KEY (`cliente_id`) REFERENCES `cliente` (`id`);
COMMIT;

/*!40101 SET CHARACTER_SET_CLIENT=@OLD_CHARACTER_SET_CLIENT */;
/*!40101 SET CHARACTER_SET_RESULTS=@OLD_CHARACTER_SET_RESULTS */;
/*!40101 SET COLLATION_CONNECTION=@OLD_COLLATION_CONNECTION */;
